[
  {
    "id": "inc-9897",
    "name": "Subway Meal Coupon",
    "category": "Personal Care",
    "description": "Redeemable at participating locations. Helping homeless individuals access essential services.",
    "pointsCost": "25",
    "image": "https://source.unsplash.com/400x300/?coupon,discount"
  },
  {
    "id": "inc-4016",
    "name": "McDonald's Gift Card",
    "category": "Clothing",
    "description": "Redeemable at participating locations. Helping homeless individuals access essential services.",
    "pointsCost": "51",
    "image": "https://source.unsplash.com/400x300/?coupon,discount"
  },
  {
    "id": "inc-7693",
    "name": "Subway Meal Coupon",
    "category": "Personal Care",
    "description": "Redeemable at participating locations. Helping homeless individuals access essential services.",
    "pointsCost": "60",
    "image": "https://source.unsplash.com/400x300/?coupon,discount"
  },
  {
    "id": "inc-1785",
    "name": "Bathhouse Access Pass",
    "category": "Clothing",
    "description": "Redeemable at participating locations. Helping homeless individuals access essential services.",
    "pointsCost": "46",
    "image": "https://source.unsplash.com/400x300/?coupon,discount"
  },
  {
    "id": "inc-3413",
    "name": "Thrift Store Voucher",
    "category": "Personal Care",
    "description": "Redeemable at participating locations. Helping homeless individuals access essential services.",
    "pointsCost": "49",
    "image": "https://source.unsplash.com/400x300/?coupon,discount"
  },
  {
    "id": "inc-5404",
    "name": "Subway Meal Coupon",
    "category": "Personal Care",
    "description": "Redeemable at participating locations. Helping homeless individuals access essential services.",
    "pointsCost": "23",
    "image": "https://source.unsplash.com/400x300/?coupon,discount"
  },
  {
    "id": "inc-1638",
    "name": "Bathhouse Access Pass",
    "category": "Food",
    "description": "Redeemable at participating locations. Helping homeless individuals access essential services.",
    "pointsCost": "21",
    "image": "https://source.unsplash.com/400x300/?coupon,discount"
  },
  {
    "id": "inc-7322",
    "name": "Free Haircut Coupon",
    "category": "Shelter",
    "description": "Redeemable at participating locations. Helping homeless individuals access essential services.",
    "pointsCost": "79",
    "image": "https://source.unsplash.com/400x300/?coupon,discount"
  },
  {
    "id": "inc-2118",
    "name": "Thrift Store Voucher",
    "category": "Food",
    "description": "Redeemable at participating locations. Helping homeless individuals access essential services.",
    "pointsCost": "93",
    "image": "https://source.unsplash.com/400x300/?coupon,discount"
  },
  {
    "id": "inc-3645",
    "name": "Subway Meal Coupon",
    "category": "Shelter",
    "description": "Redeemable at participating locations. Helping homeless individuals access essential services.",
    "pointsCost": "39",
    "image": "https://source.unsplash.com/400x300/?coupon,discount"
  },
  {
    "id": "inc-7351",
    "name": "McDonald's Gift Card",
    "category": "Clothing",
    "description": "Redeemable at participating locations. Helping homeless individuals access essential services.",
    "pointsCost": "95",
    "image": "https://source.unsplash.com/400x300/?coupon,discount"
  },
  {
    "id": "inc-1867",
    "name": "Free Haircut Coupon",
    "category": "Food",
    "description": "Redeemable at participating locations. Helping homeless individuals access essential services.",
    "pointsCost": "100",
    "image": "https://source.unsplash.com/400x300/?coupon,discount"
  },
  {
    "id": "inc-7816",
    "name": "Subway Meal Coupon",
    "category": "Food",
    "description": "Redeemable at participating locations. Helping homeless individuals access essential services.",
    "pointsCost": "50",
    "image": "https://source.unsplash.com/400x300/?coupon,discount"
  },
  {
    "id": "inc-7491",
    "name": "Subway Meal Coupon",
    "category": "Shelter",
    "description": "Redeemable at participating locations. Helping homeless individuals access essential services.",
    "pointsCost": "98",
    "image": "https://source.unsplash.com/400x300/?coupon,discount"
  },
  {
    "id": "inc-2496",
    "name": "McDonald's Gift Card",
    "category": "Personal Care",
    "description": "Redeemable at participating locations. Helping homeless individuals access essential services.",
    "pointsCost": "29",
    "image": "https://source.unsplash.com/400x300/?coupon,discount"
  }
]