[
  {
    "id": "job-4815",
    "company": "City of San Jose",
    "title": "Youth Outreach Assistant",
    "description": "Assist in maintaining public spaces, helping the local community, and beautification projects.",
    "requirements": "Willingness to work outdoors, basic physical fitness, team spirit.",
    "location": "San Jose, CA",
    "salary": "$20/hr",
    "type": "Part-time"
  },
  {
    "id": "job-5582",
    "company": "HopeWorks",
    "title": "Facility Maintenance",
    "description": "Assist in maintaining public spaces, helping the local community, and beautification projects.",
    "requirements": "Willingness to work outdoors, basic physical fitness, team spirit.",
    "location": "San Jose, CA",
    "salary": "$15/hr",
    "type": "Part-time"
  },
  {
    "id": "job-7075",
    "company": "Urban Renewal Co.",
    "title": "Street Sweeper",
    "description": "Assist in maintaining public spaces, helping the local community, and beautification projects.",
    "requirements": "Willingness to work outdoors, basic physical fitness, team spirit.",
    "location": "San Jose, CA",
    "salary": "$20/hr",
    "type": "Part-time"
  },
  {
    "id": "job-8775",
    "company": "Green Future Inc.",
    "title": "Street Sweeper",
    "description": "Assist in maintaining public spaces, helping the local community, and beautification projects.",
    "requirements": "Willingness to work outdoors, basic physical fitness, team spirit.",
    "location": "San Jose, CA",
    "salary": "$20/hr",
    "type": "Full-time"
  },
  {
    "id": "job-9057",
    "company": "HopeWorks",
    "title": "Public Parks Helper",
    "description": "Assist in maintaining public spaces, helping the local community, and beautification projects.",
    "requirements": "Willingness to work outdoors, basic physical fitness, team spirit.",
    "location": "San Jose, CA",
    "salary": "$20/hr",
    "type": "Full-time"
  },
  {
    "id": "job-3657",
    "company": "Green Future Inc.",
    "title": "Youth Outreach Assistant",
    "description": "Assist in maintaining public spaces, helping the local community, and beautification projects.",
    "requirements": "Willingness to work outdoors, basic physical fitness, team spirit.",
    "location": "San Jose, CA",
    "salary": "$18/hr",
    "type": "Full-time"
  },
  {
    "id": "job-4850",
    "company": "City of San Jose",
    "title": "Youth Outreach Assistant",
    "description": "Assist in maintaining public spaces, helping the local community, and beautification projects.",
    "requirements": "Willingness to work outdoors, basic physical fitness, team spirit.",
    "location": "San Jose, CA",
    "salary": "$20/hr",
    "type": "Full-time"
  },
  {
    "id": "job-9669",
    "company": "Urban Renewal Co.",
    "title": "Street Sweeper",
    "description": "Assist in maintaining public spaces, helping the local community, and beautification projects.",
    "requirements": "Willingness to work outdoors, basic physical fitness, team spirit.",
    "location": "San Jose, CA",
    "salary": "$15/hr",
    "type": "Part-time"
  },
  {
    "id": "job-2297",
    "company": "ShelterCare",
    "title": "Street Sweeper",
    "description": "Assist in maintaining public spaces, helping the local community, and beautification projects.",
    "requirements": "Willingness to work outdoors, basic physical fitness, team spirit.",
    "location": "San Jose, CA",
    "salary": "$20/hr",
    "type": "Full-time"
  },
  {
    "id": "job-1394",
    "company": "City of San Jose",
    "title": "Community Cleaner",
    "description": "Assist in maintaining public spaces, helping the local community, and beautification projects.",
    "requirements": "Willingness to work outdoors, basic physical fitness, team spirit.",
    "location": "San Jose, CA",
    "salary": "$15/hr",
    "type": "Full-time"
  },
  {
    "id": "job-6996",
    "company": "City of San Jose",
    "title": "Street Sweeper",
    "description": "Assist in maintaining public spaces, helping the local community, and beautification projects.",
    "requirements": "Willingness to work outdoors, basic physical fitness, team spirit.",
    "location": "San Jose, CA",
    "salary": "$18/hr",
    "type": "Part-time"
  },
  {
    "id": "job-7661",
    "company": "City of San Jose",
    "title": "Facility Maintenance",
    "description": "Assist in maintaining public spaces, helping the local community, and beautification projects.",
    "requirements": "Willingness to work outdoors, basic physical fitness, team spirit.",
    "location": "San Jose, CA",
    "salary": "$18/hr",
    "type": "Part-time"
  },
  {
    "id": "job-1443",
    "company": "Urban Renewal Co.",
    "title": "Youth Outreach Assistant",
    "description": "Assist in maintaining public spaces, helping the local community, and beautification projects.",
    "requirements": "Willingness to work outdoors, basic physical fitness, team spirit.",
    "location": "San Jose, CA",
    "salary": "$20/hr",
    "type": "Full-time"
  },
  {
    "id": "job-5329",
    "company": "Urban Renewal Co.",
    "title": "Facility Maintenance",
    "description": "Assist in maintaining public spaces, helping the local community, and beautification projects.",
    "requirements": "Willingness to work outdoors, basic physical fitness, team spirit.",
    "location": "San Jose, CA",
    "salary": "$15/hr",
    "type": "Full-time"
  },
  {
    "id": "job-5369",
    "company": "HopeWorks",
    "title": "Community Cleaner",
    "description": "Assist in maintaining public spaces, helping the local community, and beautification projects.",
    "requirements": "Willingness to work outdoors, basic physical fitness, team spirit.",
    "location": "San Jose, CA",
    "salary": "$18/hr",
    "type": "Full-time"
  }
]