[
  {
    "id": "res-4187",
    "name": "Safe Parking Program",
    "type": "Food",
    "address": "686 Main St, San Jose, CA",
    "phone": "(408) 411-4510",
    "hours": "Mon-Fri 8am-8pm",
    "distance": "1.8 miles",
    "image": "https://source.unsplash.com/400x300/?shelter,homeless"
  },
  {
    "id": "res-6788",
    "name": "Urban Safe Lot",
    "type": "Drug Helpline",
    "address": "512 Main St, San Jose, CA",
    "phone": "(408) 899-3584",
    "hours": "24/7",
    "distance": "2.4 miles",
    "image": "https://source.unsplash.com/400x300/?shelter,homeless"
  },
  {
    "id": "res-4971",
    "name": "Rainbow Support Shelter",
    "type": "Food",
    "address": "461 Main St, San Jose, CA",
    "phone": "(408) 478-6970",
    "hours": "Mon-Fri 8am-8pm",
    "distance": "1.8 miles",
    "image": "https://source.unsplash.com/400x300/?shelter,homeless"
  },
  {
    "id": "res-9458",
    "name": "Downtown Shelter",
    "type": "Shelter",
    "address": "881 Main St, San Jose, CA",
    "phone": "(408) 219-1131",
    "hours": "Weekends Only",
    "distance": "2.3 miles",
    "image": "https://source.unsplash.com/400x300/?shelter,homeless"
  },
  {
    "id": "res-6740",
    "name": "Youth Empowerment Housing",
    "type": "Rehab Center",
    "address": "216 Main St, San Jose, CA",
    "phone": "(408) 859-1676",
    "hours": "Mon-Fri 8am-8pm",
    "distance": "3.4 miles",
    "image": "https://source.unsplash.com/400x300/?shelter,homeless"
  },
  {
    "id": "res-6401",
    "name": "Downtown Shelter",
    "type": "Rehab Center",
    "address": "341 Main St, San Jose, CA",
    "phone": "(408) 604-1349",
    "hours": "24/7",
    "distance": "3.7 miles",
    "image": "https://source.unsplash.com/400x300/?shelter,homeless"
  },
  {
    "id": "res-3670",
    "name": "Recovery Path",
    "type": "Food",
    "address": "530 Main St, San Jose, CA",
    "phone": "(408) 330-8449",
    "hours": "Mon-Fri 8am-8pm",
    "distance": "4.9 miles",
    "image": "https://source.unsplash.com/400x300/?shelter,homeless"
  },
  {
    "id": "res-8257",
    "name": "Safe Parking Program",
    "type": "Drug Helpline",
    "address": "100 Main St, San Jose, CA",
    "phone": "(408) 955-9526",
    "hours": "24/7",
    "distance": "3.4 miles",
    "image": "https://source.unsplash.com/400x300/?shelter,homeless"
  },
  {
    "id": "res-8331",
    "name": "Shelter of Compassion",
    "type": "Drug Helpline",
    "address": "850 Main St, San Jose, CA",
    "phone": "(408) 997-7582",
    "hours": "24/7",
    "distance": "2.3 miles",
    "image": "https://source.unsplash.com/400x300/?shelter,homeless"
  },
  {
    "id": "res-3082",
    "name": "San Jose Food Bank",
    "type": "Drug Helpline",
    "address": "773 Main St, San Jose, CA",
    "phone": "(408) 905-3380",
    "hours": "24/7",
    "distance": "2.0 miles",
    "image": "https://source.unsplash.com/400x300/?shelter,homeless"
  },
  {
    "id": "res-4430",
    "name": "Urban Safe Lot",
    "type": "Parking",
    "address": "464 Main St, San Jose, CA",
    "phone": "(408) 694-8190",
    "hours": "Weekends Only",
    "distance": "2.1 miles",
    "image": "https://source.unsplash.com/400x300/?shelter,homeless"
  },
  {
    "id": "res-2653",
    "name": "Hope Rehabilitation Center",
    "type": "Parking",
    "address": "544 Main St, San Jose, CA",
    "phone": "(408) 321-3612",
    "hours": "Weekends Only",
    "distance": "4.4 miles",
    "image": "https://source.unsplash.com/400x300/?shelter,homeless"
  },
  {
    "id": "res-8154",
    "name": "San Jose Food Bank",
    "type": "Drug Helpline",
    "address": "681 Main St, San Jose, CA",
    "phone": "(408) 123-2138",
    "hours": "Mon-Fri 8am-8pm",
    "distance": "3.5 miles",
    "image": "https://source.unsplash.com/400x300/?shelter,homeless"
  },
  {
    "id": "res-9541",
    "name": "Sunshine Meals Center",
    "type": "Rehab Center",
    "address": "818 Main St, San Jose, CA",
    "phone": "(408) 869-1038",
    "hours": "Mon-Fri 8am-8pm",
    "distance": "3.7 miles",
    "image": "https://source.unsplash.com/400x300/?shelter,homeless"
  },
  {
    "id": "res-8172",
    "name": "Shelter of Compassion",
    "type": "Rehab Center",
    "address": "896 Main St, San Jose, CA",
    "phone": "(408) 497-7929",
    "hours": "Weekends Only",
    "distance": "0.9 miles",
    "image": "https://source.unsplash.com/400x300/?shelter,homeless"
  }
]