[
  {
    "id": "rew-9025",
    "name": "Beach Beautification Mission",
    "points": "82",
    "date": "2025-01-02",
    "location": "Various San Jose Locations",
    "image": "https://source.unsplash.com/400x300/?community,volunteer"
  },
  {
    "id": "rew-6629",
    "name": "Beach Beautification Mission",
    "points": "96",
    "date": "2025-01-04",
    "location": "Various San Jose Locations",
    "image": "https://source.unsplash.com/400x300/?community,volunteer"
  },
  {
    "id": "rew-5714",
    "name": "Tree Plantation Event",
    "points": "108",
    "date": "2025-05-06",
    "location": "Various San Jose Locations",
    "image": "https://source.unsplash.com/400x300/?community,volunteer"
  },
  {
    "id": "rew-3751",
    "name": "Community Park Restoration",
    "points": "82",
    "date": "2025-06-14",
    "location": "Various San Jose Locations",
    "image": "https://source.unsplash.com/400x300/?community,volunteer"
  },
  {
    "id": "rew-2860",
    "name": "Tree Plantation Event",
    "points": "97",
    "date": "2025-09-14",
    "location": "Various San Jose Locations",
    "image": "https://source.unsplash.com/400x300/?community,volunteer"
  },
  {
    "id": "rew-1877",
    "name": "Downtown Cleanup Drive",
    "points": "145",
    "date": "2025-06-15",
    "location": "Various San Jose Locations",
    "image": "https://source.unsplash.com/400x300/?community,volunteer"
  },
  {
    "id": "rew-6212",
    "name": "Beach Beautification Mission",
    "points": "144",
    "date": "2025-05-16",
    "location": "Various San Jose Locations",
    "image": "https://source.unsplash.com/400x300/?community,volunteer"
  },
  {
    "id": "rew-4993",
    "name": "Tree Plantation Event",
    "points": "63",
    "date": "2025-08-01",
    "location": "Various San Jose Locations",
    "image": "https://source.unsplash.com/400x300/?community,volunteer"
  },
  {
    "id": "rew-2749",
    "name": "Graffiti Removal Squad",
    "points": "135",
    "date": "2025-09-13",
    "location": "Various San Jose Locations",
    "image": "https://source.unsplash.com/400x300/?community,volunteer"
  },
  {
    "id": "rew-9954",
    "name": "Tree Plantation Event",
    "points": "115",
    "date": "2025-02-11",
    "location": "Various San Jose Locations",
    "image": "https://source.unsplash.com/400x300/?community,volunteer"
  },
  {
    "id": "rew-9435",
    "name": "Downtown Cleanup Drive",
    "points": "50",
    "date": "2025-04-03",
    "location": "Various San Jose Locations",
    "image": "https://source.unsplash.com/400x300/?community,volunteer"
  },
  {
    "id": "rew-7819",
    "name": "Downtown Cleanup Drive",
    "points": "150",
    "date": "2025-11-08",
    "location": "Various San Jose Locations",
    "image": "https://source.unsplash.com/400x300/?community,volunteer"
  },
  {
    "id": "rew-5080",
    "name": "Graffiti Removal Squad",
    "points": "139",
    "date": "2025-08-04",
    "location": "Various San Jose Locations",
    "image": "https://source.unsplash.com/400x300/?community,volunteer"
  },
  {
    "id": "rew-3794",
    "name": "Community Park Restoration",
    "points": "135",
    "date": "2025-01-25",
    "location": "Various San Jose Locations",
    "image": "https://source.unsplash.com/400x300/?community,volunteer"
  },
  {
    "id": "rew-6410",
    "name": "Downtown Cleanup Drive",
    "points": "71",
    "date": "2025-12-26",
    "location": "Various San Jose Locations",
    "image": "https://source.unsplash.com/400x300/?community,volunteer"
  }
]